Feature,Importance
ph,0.14581125925134003
Sulfate,0.14429582325555854
Solids,0.11910550729000018
Hardness,0.10837914440350926
Chloramines,0.10706054247331152
Organic_carbon,0.09461515664308057
Trihalomethanes,0.09441697156743534
Conductivity,0.09416469535511336
Turbidity,0.09215089976065105
